cod_editora,nome,contato
1,Cassiano,luigi03@example.org
2,Barbosa - EI,souzaapollo@example.net
3,Guerra Costa e Filhos,elisasiqueira@example.net
4,da Costa Macedo - EI,nicolas23@example.com
5,das Neves Sousa e Filhos,gda-cunha@example.net
6,da Mata,paulo59@example.com
7,Novais Ltda.,halmeida@example.net
8,Costa,ysouza@example.com
9,Fonseca Campos S/A,maria-eduardabarbosa@example.com
10,Silveira Ramos e Filhos,otavio44@example.com
11,Pastor,marcos-vinicius56@example.org
12,da Mota,ebarros@example.org
13,Cunha,abreuvinicius@example.com
14,Pacheco Cirino Ltda.,albuquerqueian@example.com
15,Silva,brendasousa@example.com
16,Casa Grande,mathias32@example.com
17,Pires,mateuspacheco@example.org
18,Nascimento Aragão S/A,eloa90@example.com
19,Vasconcelos,bellasiqueira@example.org
20,Santos Campos S.A.,maria-isis86@example.com
21,Siqueira,nicolecaldeira@example.org
22,Pires,maitecardoso@example.com
23,Pinto,joao-miguel09@example.org
24,Cavalcanti e Filhos,cda-mata@example.com
25,Nascimento,gael-henriquemontenegro@example.net
26,Lima,ryannunes@example.com
27,Abreu,lizda-mata@example.com
28,Moreira,ravi-lucca98@example.com
29,Almeida,lucas52@example.org
30,Cassiano,maya82@example.com
31,Duarte,sophie61@example.com
32,Dias Cassiano S/A,bda-mata@example.org
33,da Costa S.A.,mendoncaisabelly@example.com
34,Viana,mrezende@example.com
35,Nascimento,ceciliasousa@example.org
36,Campos - EI,franciscoda-rocha@example.net
37,Ribeiro,msales@example.net
38,da Cunha,luigi26@example.org
39,Alves,juliana81@example.org
40,Vargas,ccavalcante@example.org
41,da Rosa,manuelacardoso@example.org
42,da Mota,cassianocaroline@example.org
43,Peixoto,imendonca@example.org
44,Correia,julianalopes@example.org
45,Barros,guerragabriela@example.org
46,Borges,mbarbosa@example.org
47,Santos S/A,monteiromaria-sophia@example.com
48,da Cunha,liampires@example.org
49,Guerra - EI,lcirino@example.com
50,Correia - ME,alvesluisa@example.com
51,Andrade Cardoso Ltda.,rodriguesbryan@example.com
52,Lopes,silveiradom@example.net
53,Mendonça,limaheloisa@example.net
54,da Conceição,alveskevin@example.com
55,Siqueira Ltda.,hadassa75@example.org
56,Souza Ltda.,sabrinadias@example.net
57,Marques Andrade e Filhos,uribeiro@example.org
58,Castro,nataliafreitas@example.org
59,Jesus,vcaldeira@example.org
60,da Mota - ME,tvieira@example.net
61,Borges Ltda.,davi-miguel65@example.net
62,Andrade Moraes S/A,da-motarodrigo@example.org
63,Cavalcante,vieirasarah@example.com
64,Almeida,eduardacirino@example.net
65,Mendes,melinadas-neves@example.org
66,da Rocha da Cunha Ltda.,pandrade@example.com
67,Moraes,qmartins@example.net
68,Camargo - EI,castromarcela@example.org
69,Marques,pachecobrayan@example.org
70,Nogueira - EI,fariasmateus@example.org
71,Silva S.A.,luiz-felipe22@example.net
72,Abreu,dmoraes@example.net
73,Pereira Ferreira S/A,gustavo66@example.com
74,Novaes,guilhermeribeiro@example.com
75,Vargas,luiz-felipecaldeira@example.com
76,Vieira,gcostela@example.org
77,Vieira,cecilia40@example.com
78,Siqueira,abreuolivia@example.net
79,da Mata,beniciorezende@example.com
80,Leão,maria-alice69@example.net
81,Vasconcelos S.A.,elopes@example.net
82,Vargas,helenamendes@example.org
83,Gomes,isaquegoncalves@example.com
84,Siqueira,erickmoura@example.org
85,da Conceição Ltda.,zcosta@example.com
86,Nogueira,marcelomoraes@example.org
87,Cavalcanti,calebe21@example.net
88,Barros,qda-conceicao@example.com
89,Barbosa Rezende S/A,joaoferreira@example.com
90,Caldeira S/A,cassianojade@example.org
91,Aparecida - ME,ian02@example.org
92,Fogaça Barros S.A.,anthony-gabriel37@example.com
93,Carvalho,maria-vitoria78@example.com
94,Ramos,da-cunhaagatha@example.org
95,Viana,diego31@example.org
96,Campos,heitorlopes@example.com
97,da Luz,cassianocaroline@example.org
98,Moura,ribeiroyan@example.org
99,Dias S/A,davi37@example.org
100,Siqueira S/A,sabrina82@example.net
101,Moreira,camposlunna@example.com
102,Guerra,carolina46@example.net
103,Cassiano,carolinenovais@example.com
104,Costa Costela S.A.,rezendeian@example.org
105,Borges,mmarques@example.com
106,Santos,silvatheo@example.org
107,Nascimento S.A.,ramosdavi-lucca@example.org
108,Pereira,hramos@example.com
109,Andrade,fernando89@example.com
110,Fonseca,mendesnina@example.com
111,Viana Ribeiro S.A.,xpinto@example.net
112,Araújo Abreu S.A.,aurora20@example.org
113,Aparecida Borges S.A.,heitor87@example.net
114,Nascimento,icunha@example.net
115,Nunes,alana40@example.com
116,da Rocha,marcelorodrigues@example.org
117,Costela,kcorreia@example.com
118,Castro - ME,kribeiro@example.com
119,Farias S.A.,levisampaio@example.org
120,Santos - EI,maria-alicepeixoto@example.net
121,Costela,lunna66@example.net
122,Teixeira da Costa S/A,gdias@example.com
123,Lima S.A.,maysa49@example.org
124,Fogaça Nogueira - EI,thomaspeixoto@example.net
125,da Luz,ugarcia@example.org
126,Rodrigues,maria-flor51@example.org
127,Câmara e Filhos,lfreitas@example.org
128,Gomes Monteiro e Filhos,qramos@example.com
129,Rocha,azevedoluiz-fernando@example.net
130,das Neves,josepacheco@example.org
131,Sousa,gramos@example.com
132,Aragão,teixeirajoao-lucas@example.net
133,Cardoso Gomes - EI,wcamargo@example.org
134,Casa Grande,manuelaazevedo@example.org
135,da Rosa Ltda.,ana-liviapeixoto@example.org
136,Barbosa Novaes S.A.,diogonovaes@example.org
137,Castro,henriqueduarte@example.com
138,Ramos S.A.,ana-juliaborges@example.org
139,Fogaça,pedroalves@example.org
140,Brito,wsiqueira@example.net
141,Leão,bcasa-grande@example.org
142,Silva,sampaiogabriel@example.org
143,Barbosa,vinicius28@example.org
144,Lima,kpereira@example.org
145,Lopes Nunes e Filhos,ncamargo@example.org
146,Sampaio - EI,aylla12@example.net
147,Macedo,rodrigoda-costa@example.org
148,da Costa da Cunha e Filhos,albuquerquematheus@example.org
149,Fogaça S/A,qmendes@example.net
150,Cavalcante,antonio26@example.org
151,Pereira Gonçalves S/A,yagogoncalves@example.org
152,Albuquerque,beatrizmontenegro@example.org
153,Duarte S/A,kfernandes@example.net
154,Porto Pacheco S/A,frezende@example.org
155,Borges e Filhos,bsantos@example.org
156,Moreira Ltda.,andradearthur-gabriel@example.org
157,Leão Borges - EI,zsiqueira@example.net
158,Cassiano,nascimentosophie@example.org
159,Farias S.A.,joao-vitorsilva@example.com
160,Correia da Cunha e Filhos,lucas17@example.org
161,Macedo,jda-rocha@example.net
162,Moreira,rochaluiz-felipe@example.com
163,Machado,franciscopacheco@example.org
164,Pimenta,maria-vitoria21@example.net
165,Marques,davi43@example.org
166,da Conceição Pastor - ME,fariasgael@example.net
167,Silveira,ana-carolinabrito@example.org
168,Pereira e Filhos,julianabarros@example.com
169,da Luz,jmoura@example.org
170,Duarte,marinafreitas@example.com
171,Aragão S/A,brunamachado@example.org
172,Pereira,ycavalcante@example.org
173,Araújo,freitasevelyn@example.com
174,Peixoto S/A,amanda01@example.net
175,Montenegro,monteiroantony@example.net
176,da Mata Ltda.,montenegroapollo@example.org
177,Rocha,luana21@example.org
178,Carvalho,kamilly14@example.net
179,Camargo S/A,anna-liz15@example.org
180,Pires - EI,brendasiqueira@example.com
181,Vieira,mateusmoraes@example.net
182,Pacheco Farias - EI,eduardagoncalves@example.org
183,Montenegro,vitor-hugo92@example.org
184,Rios Freitas e Filhos,antonellasampaio@example.org
185,Cardoso Azevedo e Filhos,mcunha@example.com
186,Brito - EI,igor56@example.com
187,da Conceição,cavalcantesara@example.net
188,Fonseca S.A.,samuel85@example.net
189,Peixoto,mmendonca@example.net
190,Rios Castro Ltda.,antonella19@example.net
191,da Mota - ME,luigi09@example.net
192,Fernandes Guerra Ltda.,psiqueira@example.net
193,Porto,emanuelly90@example.net
194,Pastor Barbosa e Filhos,azevedopedro-lucas@example.org
195,Lopes - ME,isismoreira@example.com
196,Almeida,evelyncirino@example.org
197,Pastor Rodrigues S/A,pastorsophia@example.net
198,da Rosa,gaeljesus@example.net
199,Barros,matheusrios@example.net
200,Caldeira,silvaoliver@example.org
201,Sales Ltda.,ramosantonio@example.com
202,Casa Grande,ecardoso@example.net
203,Correia S.A.,luiz-miguel21@example.com
204,Martins Silva S/A,monteirolaura@example.com
205,Cassiano,enzo-gabriel30@example.net
206,das Neves Macedo - ME,asafedias@example.org
207,Marques,svargas@example.com
208,Pereira,fpeixoto@example.org
209,Macedo,joanamoura@example.org
210,Castro,gabriela58@example.net
211,Costela Vargas S/A,vargasrebeca@example.com
212,Nunes - ME,anthony-gabrielleao@example.com
213,Borges S.A.,asa@example.net
214,Macedo,goncalvesrodrigo@example.org
215,Machado Silveira S.A.,luccaaraujo@example.net
216,Pinto,crezende@example.com
217,Siqueira - EI,maria-lizcamargo@example.net
218,Almeida,odias@example.org
219,Silva,limathiago@example.com
220,Viana,arthur-gabrielfreitas@example.net
221,Pinto,qsilveira@example.net
222,Ramos,pachecovitor-hugo@example.net
223,Ramos S.A.,pietro47@example.net
224,Câmara da Cruz S.A.,carolinavieira@example.net
225,Montenegro,ymelo@example.com
226,Novaes S/A,rodrigo35@example.com
227,Leão,bfernandes@example.org
228,Rios,manuela89@example.com
229,Cunha,pandrade@example.com
230,Moreira Cunha Ltda.,lucasda-costa@example.net
231,da Costa,kamillybarros@example.com
232,Rodrigues,cunhadavi-lucas@example.com
233,Nascimento,joao-vitormendes@example.org
234,Cavalcante Farias S/A,enzomontenegro@example.net
235,Barros,mendoncaana-livia@example.net
236,Santos - EI,juliana01@example.net
237,Albuquerque,kamilly21@example.com
238,Garcia S/A,feliperamos@example.com
239,Fonseca,heitor67@example.org
240,Alves - ME,raquel69@example.com
241,Barbosa Cardoso S.A.,wsilva@example.com
242,da Conceição,mariana25@example.net
243,Brito,lorenapimenta@example.com
244,Sales Nascimento Ltda.,benicio38@example.org
245,Duarte,esther39@example.net
246,Pinto,wcampos@example.net
247,Lopes Novaes - ME,marquesjoao-guilherme@example.org
248,Alves,mateusnovais@example.org
249,Moura Andrade Ltda.,bteixeira@example.net
250,da Mota - EI,qbarbosa@example.org
251,da Rosa Sales S/A,machadodavi-miguel@example.com
252,Pastor,kborges@example.org
253,Aparecida,evelyn16@example.net
254,Vieira Silveira - ME,theo72@example.com
255,Barros,laisribeiro@example.com
256,Gomes e Filhos,leaoheloisa@example.net
257,Melo S.A.,kgarcia@example.org
258,da Mota e Filhos,otaviomelo@example.net
259,Souza,pcampos@example.com
260,Pinto Rodrigues S.A.,joaquim16@example.net
261,Gomes S.A.,usouza@example.com
262,Andrade Fogaça Ltda.,vicente73@example.org
263,Rezende,xrios@example.net
264,Borges,ipires@example.net
265,Vasconcelos Alves S.A.,asouza@example.org
266,Sá Freitas S/A,vmachado@example.com
267,Melo,vmonteiro@example.org
268,Campos Ferreira S/A,portoalexandre@example.com
269,Souza,joseribeiro@example.net
270,Sampaio,eloagarcia@example.com
271,Costela,epires@example.org
272,Correia,amanda33@example.com
273,da Luz,ana-carolinalima@example.net
274,Cirino,vasconcelosravi@example.org
275,Cardoso,joao-guilhermecasa-grande@example.org
276,da Cruz,fdias@example.com
277,Martins,vda-rocha@example.com
278,Ferreira,nicolas84@example.net
279,Monteiro,kaique09@example.com
280,Peixoto Martins - ME,heloisa80@example.com
281,Sales das Neves - ME,ninasantos@example.org
282,Campos S/A,fariasigor@example.org
283,Ribeiro e Filhos,ksousa@example.com
284,Melo,rael48@example.net
285,Farias S/A,yuri34@example.org
286,Vargas,theocostela@example.net
287,Câmara,ncaldeira@example.net
288,Rocha S.A.,jsa@example.net
289,Sales S.A.,gfonseca@example.com
290,Nascimento S/A,valentimcassiano@example.com
291,Viana S/A,breno29@example.net
292,da Mota - EI,oleao@example.com
293,Peixoto - EI,otavio11@example.net
294,da Costa Santos e Filhos,caroline08@example.net
295,das Neves,costajoana@example.org
296,Gomes,kamilly52@example.net
297,Moura,joaoda-rosa@example.com
298,Vieira Vieira S.A.,emanuella64@example.net
299,da Cunha,vcamargo@example.net
300,Nunes Araújo S.A.,eduardoaragao@example.net
301,Barros,maria-vitoria04@example.net
302,da Conceição S/A,raqueldas-neves@example.com
303,Machado,otavionovaes@example.com
304,Brito Almeida Ltda.,pedro-lucas08@example.net
305,Freitas,maria-alice08@example.org
306,Santos Ltda.,ycirino@example.net
307,Teixeira,marcos-viniciusfonseca@example.net
308,Peixoto - EI,goncalvesmanuella@example.net
309,Casa Grande da Paz S/A,nuneskevin@example.org
310,Gonçalves e Filhos,almeidaayla@example.org
311,Viana,isis86@example.org
312,Costela,rpeixoto@example.net
313,das Neves,cauacassiano@example.org
314,Araújo S/A,bryanfernandes@example.org
315,Sousa Jesus - ME,augustolima@example.com
316,Caldeira Cirino - EI,asafe31@example.com
317,Camargo,svasconcelos@example.com
318,da Mota,nrios@example.com
319,Moura Campos S.A.,gmonteiro@example.net
320,Sales e Filhos,santosliam@example.net
321,Pires,camaracatarina@example.net
322,Barros,marcela38@example.net
323,Freitas,maria-julia45@example.com
324,Leão e Filhos,ada-rosa@example.org
325,Costela S/A,maysa00@example.org
326,Vieira Novais - ME,qmachado@example.net
327,Azevedo S.A.,yda-costa@example.com
328,Abreu,brunaborges@example.com
329,da Rosa,sousamariane@example.net
330,Machado,oliviasa@example.net
331,Albuquerque e Filhos,vcavalcanti@example.com
332,Pacheco e Filhos,zcostela@example.org
333,Brito S/A,otavio81@example.org
334,Novaes e Filhos,qalves@example.org
335,Lima Moraes Ltda.,caldeiraana-julia@example.net
336,Nascimento Mendonça S.A.,joao-vitor66@example.net
337,da Rosa S/A,anthony-gabrielda-cunha@example.net
338,Peixoto,santoseloa@example.org
339,Costela,costamatheus@example.org
340,Correia Ltda.,bmendonca@example.net
341,Siqueira,matteocosta@example.com
342,Machado S.A.,ana-julia66@example.org
343,Marques Ltda.,luiz-miguelgarcia@example.com
344,da Paz Mendes - ME,cirinoclarice@example.net
345,da Cunha,aragaomaria-fernanda@example.com
346,Cardoso,eduarda55@example.net
347,Teixeira Carvalho Ltda.,ravi-lucca45@example.net
348,Abreu Casa Grande - EI,aylaaparecida@example.net
349,Leão,manuela52@example.com
350,Moreira,valentimpacheco@example.org
351,Barbosa,bianca08@example.com
352,Sousa,vitor-hugo86@example.net
353,Cunha S/A,enzo23@example.net
354,Câmara,ufarias@example.net
355,Nogueira,olivia64@example.org
356,Cavalcante Ltda.,benicio98@example.net
357,Duarte Lima - ME,vasconcelosana-clara@example.net
358,Viana Ltda.,anovais@example.com
359,Lima Vasconcelos e Filhos,lda-conceicao@example.net
360,Garcia - EI,uporto@example.net
361,Dias,amandapastor@example.com
362,Ribeiro - ME,mirella90@example.net
363,Moraes,piresigor@example.com
364,Jesus Cardoso e Filhos,fariasbeatriz@example.org
365,Andrade Ltda.,djesus@example.net
366,Montenegro S/A,lopesana-carolina@example.com
367,Alves Oliveira S/A,valentimalbuquerque@example.com
368,Cunha Nunes S/A,xmendonca@example.org
369,da Mata S/A,tcavalcante@example.net
370,Novais Fonseca S.A.,nataliaalmeida@example.net
371,Sampaio,fariasleonardo@example.com
372,Nogueira,xcarvalho@example.com
373,Cirino Rocha S/A,caue80@example.com
374,Machado - EI,oliver61@example.net
375,Novais,luna58@example.org
376,Borges,theodorojesus@example.net
377,Fogaça - EI,wda-mota@example.net
378,Cavalcanti e Filhos,mendoncacamila@example.net
379,da Mota Rocha - EI,goncalvesbruna@example.net
380,Melo,toliveira@example.org
381,da Mata S/A,qda-mata@example.com
382,da Rocha Vasconcelos - ME,scamara@example.net
383,Duarte - EI,ypereira@example.org
384,Azevedo Ltda.,ana-livia05@example.org
385,Silveira e Filhos,ana-ceciliasantos@example.org
386,Lopes,gustavo-henriqueteixeira@example.org
387,Pires - ME,borgeskaique@example.com
388,Dias,nicolascavalcanti@example.net
389,Brito,cmoura@example.org
390,Almeida Aragão S.A.,teixeirarafaela@example.net
391,Martins Gonçalves Ltda.,moraesluan@example.org
392,Albuquerque Ltda.,cunhadavi-luiz@example.com
393,Pinto,casa-grandeana-laura@example.org
394,Rocha Borges Ltda.,ialbuquerque@example.com
395,Nunes Machado S/A,goncalvesbenicio@example.net
396,Moura da Rocha S.A.,palmeida@example.com
397,Mendonça Melo S/A,acamara@example.org
398,Cassiano,juliana19@example.com
399,Ferreira Guerra - ME,yasminpimenta@example.org
400,Carvalho - ME,melissa10@example.com
401,Castro - EI,habreu@example.org
402,Alves da Mata S.A.,henrycarvalho@example.net
403,Fernandes Sales - EI,unovaes@example.org
404,Siqueira S.A.,mariane12@example.net
405,Mendonça S/A,ana-lizcirino@example.com
406,das Neves Albuquerque - EI,fogacaanthony@example.org
407,Correia,marquestheo@example.net
408,Araújo,gcampos@example.org
409,Porto,cmoura@example.org
410,Carvalho Ltda.,salesjose-miguel@example.net
411,Machado Ltda.,estermartins@example.net
412,Nascimento,fernandofreitas@example.com
413,da Cunha Barbosa - ME,esousa@example.com
414,Silva,barbosahadassa@example.com
415,Correia,cunhatheo@example.com
416,Ramos e Filhos,valentimferreira@example.net
417,Teixeira,lucas-gabrielsouza@example.org
418,da Rosa - ME,vargasoliver@example.com
419,Pastor S.A.,ana-carolina96@example.com
420,Mendes,marquesgabriela@example.org
421,Brito,marcelo35@example.com
422,da Cruz Barros S/A,yangomes@example.com
423,Sá - EI,hellenaduarte@example.com
424,da Cunha S/A,benjamimrios@example.com
425,Nunes,valentina07@example.net
426,Gomes,valentim46@example.org
427,Pinto,davi25@example.net
428,Cunha S.A.,daniel63@example.org
429,da Cunha Ltda.,heloisa70@example.com
430,Cavalcanti,rhavicamargo@example.com
431,Aragão S/A,zoe83@example.net
432,Siqueira e Filhos,maria-isis32@example.com
433,Pinto Brito S.A.,silvaasafe@example.org
434,Araújo Rios - ME,da-mataleonardo@example.org
435,Souza - ME,fernanda67@example.net
436,Borges Siqueira S.A.,livia62@example.com
437,Castro,icosta@example.net
438,Sousa,koliveira@example.com
439,Teixeira,rafael91@example.com
440,Mendonça,cavalcanteanthony-gabriel@example.com
441,Pimenta,viniciusmendes@example.com
442,Ribeiro Camargo - EI,brendafernandes@example.net
443,Sales,thomasmendonca@example.net
444,Dias,luiz-fernandogomes@example.org
445,Rezende Oliveira e Filhos,ida-paz@example.org
446,Oliveira,valbuquerque@example.com
447,Castro Rezende Ltda.,maysa50@example.com
448,Nascimento,ravycirino@example.net
449,Almeida,rael58@example.org
450,Cavalcante Jesus Ltda.,agoncalves@example.org
451,Monteiro Leão - EI,novaisluiza@example.com
452,Dias Aparecida - EI,icaldeira@example.com
453,Rocha Mendes - EI,bfonseca@example.com
454,Cunha,emilly33@example.com
455,da Conceição Martins - EI,joao-gabrielferreira@example.com
456,Oliveira - EI,heloisa27@example.org
457,Pereira Aparecida S/A,mendoncacecilia@example.com
458,Ramos,dcampos@example.net
459,Macedo Souza - EI,fernandesana-cecilia@example.com
460,Cassiano da Cunha - ME,otavio71@example.org
461,Ribeiro - ME,vgomes@example.org
462,Aragão,fogacavitor-gabriel@example.net
463,Moreira,beatrizsilva@example.org
464,Teixeira Souza S/A,mfonseca@example.org
465,Souza,montenegromirella@example.net
466,Vasconcelos Barbosa Ltda.,clarice60@example.com
467,Novais Aparecida S.A.,bnovais@example.org
468,da Rocha,limajoana@example.org
469,Correia,da-cunhaana-clara@example.org
470,Brito - EI,fernandada-rosa@example.com
471,Farias Guerra S/A,ecastro@example.net
472,Gomes Machado - EI,gael-henrique88@example.com
473,Costa da Cunha S/A,rael66@example.com
474,Pinto - ME,thiago31@example.com
475,Azevedo,lcardoso@example.org
476,Borges,hda-mota@example.org
477,da Rocha,kfogaca@example.org
478,da Luz Novaes Ltda.,castrodavi@example.net
479,Freitas - ME,da-luzjade@example.net
480,Farias,luiz-miguelcavalcanti@example.net
481,da Cunha,marina56@example.net
482,Nogueira,vitor-gabrielpacheco@example.com
483,Vargas,pintovalentina@example.net
484,Albuquerque e Filhos,davi-miguel94@example.net
485,Caldeira Pires - ME,yda-rocha@example.net
486,Barros Ltda.,aliciabarros@example.net
487,Silveira Ltda.,novaisolivia@example.net
488,Costela,julia77@example.com
489,Aragão,gustavo-henriquemelo@example.com
490,Sales,da-rosabreno@example.net
491,Ramos Ltda.,allana34@example.com
492,Alves Ltda.,pastorjoao-guilherme@example.net
493,Farias,amandadas-neves@example.com
494,Andrade Fonseca Ltda.,vargasleo@example.com
495,Moraes,helena36@example.com
496,Camargo,aragaostella@example.org
497,da Paz - ME,bernardo09@example.org
498,Garcia,laura11@example.net
499,Vieira,correiamaria-isis@example.com
500,Brito Siqueira S/A,kpeixoto@example.net
501,Borges,kaiquecirino@example.net
502,Teixeira e Filhos,arthur09@example.net
503,Moura S/A,tmontenegro@example.com
504,Alves,benjamimalves@example.net
505,Novais Cirino - ME,yleao@example.com
506,Albuquerque S.A.,laparecida@example.com
507,Porto,marquesana-vitoria@example.org
508,Mendonça,ferreiramarcos-vinicius@example.org
509,Siqueira Aragão S/A,caroline93@example.org
510,das Neves da Cunha - ME,diegoda-mata@example.com
511,Pires,auroraandrade@example.org
512,Dias,omonteiro@example.org
513,Pereira,rcardoso@example.net
514,Sá S/A,eda-mota@example.net
515,Cunha,alexia03@example.com
516,Monteiro,daniela57@example.com
517,Dias da Luz - EI,zjesus@example.com
518,da Conceição - EI,kamillyvieira@example.net
519,da Rocha,vitoria34@example.com
520,da Conceição S.A.,jesusjoana@example.com
521,Silveira Martins - ME,cpinto@example.org
522,Fernandes Sá - EI,acarvalho@example.net
523,Azevedo,ceciliapinto@example.com
524,Monteiro,ribeirohellena@example.net
525,Gomes,qsales@example.org
526,Câmara Ltda.,brunacavalcante@example.com
527,da Rocha - ME,renanda-mata@example.com
528,Nunes e Filhos,sabreu@example.org
529,Araújo Carvalho Ltda.,hfogaca@example.org
530,Sampaio,nataliada-rocha@example.org
531,Sá,cavalcantearthur-miguel@example.net
532,Silveira,pcardoso@example.com
533,Cardoso,qaragao@example.org
534,Souza S/A,wmachado@example.org
535,Cassiano Castro S.A.,ksampaio@example.com
536,Abreu,glopes@example.org
537,Rios S.A.,vitor-gabriel69@example.com
538,Ribeiro Cirino - EI,costelavalentim@example.net
539,Ferreira,calmeida@example.org
540,Guerra,maria-isis98@example.org
541,da Mota - EI,fernandoporto@example.com
542,Garcia,emoura@example.org
543,Aparecida,carolinada-luz@example.org
544,das Neves S.A.,ada-mata@example.org
545,da Mota Santos - EI,bruna67@example.net
546,Teixeira Monteiro S/A,cribeiro@example.net
547,Gonçalves,maria-eduarda09@example.org
548,Souza da Conceição - ME,stephany16@example.org
549,Cunha Ferreira - EI,bryanlopes@example.com
550,Moura Campos - EI,carlos-eduardoribeiro@example.org
551,Mendes,kporto@example.net
552,Cavalcanti,vargasraquel@example.com
553,Oliveira,heloisa92@example.net
554,Sales da Rosa - EI,kcosta@example.com
555,Ribeiro Ltda.,maria-lizpinto@example.net
556,Sampaio Nunes - ME,joao-felipesilva@example.org
557,Guerra,ipimenta@example.com
558,Albuquerque Sampaio S/A,costelamaria-vitoria@example.org
559,Cardoso Fogaça Ltda.,apires@example.net
560,Pires,felipecamargo@example.com
561,Andrade,bernardo50@example.com
562,Marques,jose-miguel07@example.org
563,Novais,pietra43@example.org
564,Pimenta,da-matanina@example.com
565,Aparecida - ME,leandrocamara@example.net
566,Pinto,da-cunhalarissa@example.com
567,Sousa Azevedo e Filhos,pramos@example.org
568,Araújo,vasconcelosbryan@example.org
569,Sampaio,caleb69@example.net
570,Azevedo,kcostela@example.org
571,Pires - ME,lteixeira@example.org
572,Macedo Cassiano - EI,umendonca@example.org
573,Azevedo S/A,avasconcelos@example.net
574,Lima Abreu S.A.,emanuelly44@example.org
575,Santos Nunes S.A.,salespedro-henrique@example.com
576,Almeida,lopesnicolas@example.org
577,da Rosa Ltda.,maysada-mota@example.org
578,Gomes e Filhos,montenegroamanda@example.org
579,Abreu,qcarvalho@example.com
580,Abreu,joao-gabriel79@example.net
581,Aragão,joao-vitormarques@example.com
582,Sousa,diogo25@example.com
583,Almeida,ssampaio@example.org
584,Rezende Almeida e Filhos,garcialaura@example.com
585,Dias,lopesjose@example.com
586,Carvalho,mourarenan@example.com
587,Costela,britojose@example.net
588,Mendonça Melo - ME,costelaheloisa@example.net
589,Rezende - ME,antonellamontenegro@example.org
590,Almeida,helena58@example.net
591,Novaes,caldeiragabrielly@example.com
592,Melo,arthuralmeida@example.com
593,Fonseca,nazevedo@example.com
594,Freitas Moreira e Filhos,tsilva@example.org
595,Almeida,andradedavi@example.net
596,Carvalho Silveira - ME,heloisa94@example.net
597,da Mata,theoaraujo@example.com
598,Borges da Mata S.A.,das-nevesmaria-eduarda@example.com
599,Viana - ME,erickrocha@example.com
600,Rezende,ana-liz41@example.com
601,da Mata - EI,guilherme37@example.net
602,Sá,ferreiradaniela@example.net
603,Vieira,aaraujo@example.org
604,Cavalcante Cirino Ltda.,hellena22@example.net
605,das Neves,knovais@example.com
606,Casa Grande Brito S/A,costelafelipe@example.net
607,da Cruz Albuquerque - ME,bernardoporto@example.org
608,Sampaio S/A,stella60@example.org
609,Cavalcante,diasjoao-gabriel@example.net
610,Gonçalves Freitas - EI,macedofernando@example.org
611,Vargas - EI,isiqueira@example.org
612,Barros Ltda.,nascimentoapollo@example.com
613,Andrade,cunharaul@example.net
614,Araújo Ferreira e Filhos,pedro-henrique95@example.org
615,da Conceição - EI,emilly59@example.net
616,Pacheco Fogaça e Filhos,benjamim55@example.net
617,Abreu Ltda.,davi-lucas02@example.org
618,Pimenta Novais e Filhos,pnogueira@example.net
619,Pereira,camargojulia@example.com
620,da Cunha - EI,cavalcanterebeca@example.org
621,da Paz,hfonseca@example.net
622,Martins - ME,stellaaragao@example.net
623,Rodrigues S.A.,monteiroyuri@example.net
624,Campos,da-motaisis@example.org
625,da Rocha,vbarbosa@example.net
626,Duarte,alexandre85@example.net
627,Carvalho Freitas S.A.,alanacamara@example.net
628,Araújo,gomesmaria-julia@example.net
629,Gomes Garcia e Filhos,lais70@example.net
630,Vieira,isaacda-rosa@example.net
631,da Mota,ebarbosa@example.net
632,Sampaio,ana-laura66@example.net
633,Moraes,jda-mota@example.org
634,Barros,novaisluna@example.net
635,Brito Cassiano - EI,maria-fernanda94@example.com
636,Barbosa,mlopes@example.net
637,Rezende,ferreiralunna@example.org
638,Fonseca Ltda.,melina66@example.org
639,Câmara S.A.,carolina29@example.org
640,da Costa,pmacedo@example.org
641,Siqueira - ME,freitasemanuel@example.org
642,Novais,ocorreia@example.com
643,Alves,sousalorena@example.org
644,Martins,anna-lizcorreia@example.com
645,Duarte e Filhos,rafaelaborges@example.com
646,Lopes,camargohellena@example.org
647,Rodrigues S.A.,riosluiz-gustavo@example.com
648,Aparecida,heitor99@example.net
649,Alves - ME,theo44@example.com
650,Barros Cirino - EI,rhavipacheco@example.net
651,Farias,camargoanthony-gabriel@example.net
652,Viana Sampaio - ME,caiocaldeira@example.net
653,Martins,azevedojulia@example.com
654,Barros,llima@example.com
655,Vasconcelos S/A,joao-pedrosouza@example.net
656,Siqueira Cunha Ltda.,maria-luisa53@example.com
657,Albuquerque,sousaliam@example.com
658,Abreu,raquelalbuquerque@example.com
659,Sampaio e Filhos,eloahalmeida@example.org
660,Farias,hmonteiro@example.com
661,Vasconcelos,albuquerqueluigi@example.com
662,Macedo S/A,ravi-lucca52@example.net
663,da Paz Ltda.,maria-luisa48@example.net
664,Peixoto - ME,ceciliaalves@example.org
665,Borges Fernandes - EI,sara35@example.com
666,Mendonça Montenegro Ltda.,ocosta@example.net
667,Cassiano,sapedro@example.net
668,Costa,da-conceicaoravi@example.com
669,Pereira e Filhos,ceciliada-rosa@example.org
670,da Mata,leticia54@example.net
671,Ferreira,barrosmariah@example.com
672,das Neves e Filhos,isaac82@example.org
673,Rios da Cruz S/A,ianramos@example.net
674,Oliveira Mendonça S.A.,noahfogaca@example.com
675,Carvalho Pimenta S.A.,vinicius99@example.net
676,Ramos Ltda.,maria-liz54@example.org
677,Ferreira,palves@example.net
678,Campos,catarina98@example.net
679,Garcia,oliver87@example.net
680,Alves - EI,thalesmoura@example.com
681,Rocha,cassianorodrigo@example.com
682,Novais,xabreu@example.net
683,Camargo S.A.,araujorafael@example.com
684,da Paz,maria-ceciliasa@example.net
685,Barros e Filhos,ana-liviacunha@example.org
686,Ribeiro - EI,aparecidamaria-vitoria@example.com
687,Montenegro Vieira - ME,zda-costa@example.org
688,Duarte S.A.,arthur-gabrielaparecida@example.com
689,Brito Rodrigues Ltda.,limarafael@example.com
690,Sousa Moura S/A,ana-carolina18@example.net
691,Carvalho,yda-rocha@example.org
692,Porto Ribeiro - ME,calebecostela@example.net
693,Cavalcanti,melissamoura@example.org
694,Silva - ME,leaoyasmin@example.com
695,Ribeiro,zcasa-grande@example.net
696,Rezende,eduardoteixeira@example.net
697,Rios,laracavalcante@example.org
698,Vieira Moraes - ME,bentosousa@example.com
699,Carvalho - EI,lteixeira@example.org
700,Almeida,daniela95@example.com
701,Castro,rpinto@example.com
702,da Luz da Conceição S/A,rafaelajesus@example.org
703,Sousa Abreu - ME,fleao@example.org
704,Duarte,caleb82@example.com
705,Cavalcanti S.A.,maya98@example.org
706,Campos,maria-julia73@example.net
707,Cunha - ME,mateus94@example.net
708,Campos,agatha53@example.net
709,Carvalho - ME,limahenry-gabriel@example.com
710,Souza Duarte S/A,heitoraparecida@example.org
711,Carvalho,asafe84@example.net
712,Garcia,fferreira@example.com
713,Novais S/A,piresotavio@example.org
714,Pinto Almeida - EI,sophiebarbosa@example.com
715,Sousa,xbarros@example.com
716,Cavalcante,da-conceicaobrenda@example.net
717,Pires,knogueira@example.net
718,Machado,eloa29@example.net
719,da Costa Ribeiro Ltda.,araujoisaac@example.net
720,Albuquerque Lima S/A,davi-luccadas-neves@example.net
721,Costa,manuellaaparecida@example.net
722,Sá S/A,luiz-henriquecarvalho@example.org
723,Fernandes Ltda.,sferreira@example.net
724,da Paz,carolinada-luz@example.com
725,Lima Fernandes Ltda.,ugoncalves@example.com
726,Monteiro Ltda.,da-cruzmaria-laura@example.com
727,Aparecida Silveira e Filhos,wcorreia@example.com
728,Pastor,da-mataliam@example.org
729,Albuquerque da Paz - ME,sampaiocaio@example.org
730,Alves da Cruz - EI,fogacahenry@example.com
731,Teixeira Souza Ltda.,imarques@example.com
732,Jesus S.A.,cpacheco@example.net
733,Mendonça - ME,theo97@example.org
734,Viana - ME,da-matathiago@example.net
735,Mendonça e Filhos,uda-rocha@example.com
736,Lopes Caldeira S/A,danielcunha@example.net
737,Garcia Ferreira S.A.,ipereira@example.org
738,Fernandes,kpires@example.org
739,Pacheco Machado S/A,galves@example.com
740,Teixeira,olivia79@example.com
741,Martins - EI,luigi79@example.org
742,Ribeiro,joao40@example.com
743,Abreu,fariasbenjamin@example.org
744,Guerra Casa Grande Ltda.,da-costatheo@example.net
745,Cassiano,moraesester@example.com
746,Ribeiro,ucirino@example.org
747,da Paz - ME,nicole94@example.net
748,Martins,heloisaaparecida@example.com
749,Pacheco Dias - ME,laisborges@example.org
750,Moura - EI,ppinto@example.com
751,Correia Cunha S.A.,apollopimenta@example.org
752,Borges,isaque20@example.org
753,Castro - ME,pedro-miguelsousa@example.net
754,da Luz,cunhasophie@example.net
755,Araújo,srocha@example.org
756,Costela S/A,joao-felipeviana@example.net
757,Dias,dalbuquerque@example.net
758,Rezende Andrade Ltda.,wda-luz@example.com
759,da Cruz,silvalunna@example.net
760,da Cruz,novaishellena@example.com
761,Almeida,calebsilveira@example.net
762,Silveira e Filhos,sda-mota@example.org
763,Vieira e Filhos,svieira@example.net
764,Nascimento,brunobarros@example.net
765,Sales,brenomachado@example.net
766,da Cruz,heloisaabreu@example.net
767,Araújo Pimenta S.A.,lorenzocamargo@example.org
768,Castro,otaviorezende@example.org
769,Mendes Rezende e Filhos,souzaheloisa@example.com
770,Costa,casa-grandevitor@example.net
771,Mendonça S.A.,pedro-henriquepimenta@example.org
772,Moura Brito S.A.,costaravi-lucca@example.org
773,da Mota,cecilia86@example.com
774,Casa Grande,viniciusrezende@example.net
775,Castro S.A.,alima@example.org
776,Marques S/A,davi-luccada-cunha@example.net
777,Oliveira,maria-fernandarodrigues@example.org
778,da Paz Vasconcelos S/A,maria-sophia72@example.com
779,Sousa,hcosta@example.com
780,Martins Abreu e Filhos,pastorcecilia@example.com
781,Gomes e Filhos,siqueiraenzo-gabriel@example.org
782,Silveira - ME,laviniapacheco@example.org
783,Rodrigues Casa Grande e Filhos,qfernandes@example.org
784,Camargo,lsantos@example.com
785,Pacheco,xpacheco@example.net
786,Silveira,lucas-gabrielda-rosa@example.com
787,Almeida,pimentadavi-miguel@example.org
788,Teixeira,kcamara@example.org
789,Siqueira - EI,agatha66@example.net
790,Machado S/A,da-mataana-luiza@example.org
791,da Rosa Rios S/A,lara33@example.com
792,da Rosa,albuquerquebruno@example.org
793,Vieira,barbara44@example.com
794,Cavalcanti - EI,antoniocunha@example.org
795,Pinto,samaria-alice@example.com
796,Nogueira Souza - EI,pachecodaniel@example.com
797,Novais,martinsbrayan@example.org
798,Fogaça,danielleao@example.net
799,Pires Ltda.,barbara77@example.net
800,da Mota,stephany96@example.com
801,Vargas,diasallana@example.net
802,Silveira Ferreira Ltda.,ana-vitoria20@example.org
803,Freitas,isabellyaragao@example.net
804,Farias,kramos@example.org
805,Silveira Rocha e Filhos,eloah20@example.com
806,da Rosa,benjamin26@example.org
807,Pastor,mariane87@example.org
808,Abreu,bruna48@example.net
809,Novaes e Filhos,luara95@example.net
810,Novais Cirino Ltda.,isaquedas-neves@example.org
811,Barbosa,rda-costa@example.com
812,Freitas Guerra S/A,ottoaragao@example.com
813,Camargo,novaescaroline@example.net
814,Novaes Pires e Filhos,raelcamargo@example.net
815,Azevedo S/A,ana-carolina64@example.com
816,Leão Camargo S.A.,davi-luiz18@example.com
817,Cunha,maria-cecilialeao@example.net
818,Cavalcanti,mporto@example.com
819,Cunha,garciarael@example.net
820,Cassiano Ltda.,novaesemanuelly@example.net
821,Cavalcante,ravi-lucca31@example.com
822,Macedo,breno40@example.com
823,Barros,cunhanoah@example.org
824,Jesus,ayla41@example.net
825,Andrade,clara17@example.org
826,Azevedo Rios - EI,aragaodaniela@example.org
827,Macedo,francisco88@example.org
828,Melo,da-conceicaoigor@example.net
829,Sampaio Novais S.A.,mouralucas-gabriel@example.net
830,Nogueira,emanuellaoliveira@example.org
831,Silveira,alana46@example.org
832,Albuquerque,jviana@example.com
833,Aparecida,albuquerquemaria-clara@example.org
834,Almeida da Conceição S.A.,rcavalcante@example.net
835,Caldeira,fda-costa@example.net
836,Peixoto Moraes - EI,stephanyda-rocha@example.net
837,Rocha Souza - EI,ana-beatriz02@example.com
838,Ribeiro,ferreiranoah@example.org
839,Santos,antonella53@example.org
840,Câmara,jfarias@example.com
841,Santos,xmontenegro@example.org
842,Novaes S.A.,aurora82@example.org
843,da Mota,leticiacamargo@example.net
844,das Neves,rafael50@example.org
845,Guerra Leão Ltda.,da-rosalunna@example.com
846,Castro,larissa43@example.org
847,Guerra,maysa85@example.org
848,da Mata e Filhos,giovanna71@example.net
849,Nogueira Oliveira - EI,brenosampaio@example.org
850,da Conceição,ana-beatriz83@example.net
851,Campos,ncardoso@example.com
852,Macedo,bellacardoso@example.com
853,Casa Grande,tsilva@example.net
854,Freitas,sampaionicolas@example.org
855,Oliveira Rodrigues Ltda.,santosigor@example.com
856,Gomes,cassianodavi-miguel@example.org
857,Farias S/A,siqueirajose-pedro@example.net
858,da Luz,heloisamachado@example.net
859,Casa Grande,mribeiro@example.net
860,Abreu,ymoraes@example.net
861,Porto,cpeixoto@example.org
862,Cavalcanti,dmoura@example.org
863,da Cruz - ME,nunesmaria-fernanda@example.org
864,Montenegro,anthony-gabrielandrade@example.org
865,Pacheco Vasconcelos - ME,cunharafaela@example.com
866,Caldeira,udas-neves@example.com
867,das Neves Mendes Ltda.,sampaiobenjamin@example.net
868,Cavalcanti,costelayago@example.com
869,Moura,laisaragao@example.com
870,Mendonça da Costa Ltda.,rafaela22@example.net
871,Cavalcante - ME,aragaogustavo-henrique@example.org
872,Vasconcelos - ME,ramoslucca@example.org
873,da Paz - EI,fernandesstephany@example.com
874,Lopes,aliciajesus@example.org
875,Vargas Cavalcanti e Filhos,jgarcia@example.net
876,Albuquerque e Filhos,duarteisis@example.net
877,Lima S/A,agarcia@example.com
878,Nunes e Filhos,maria-florpastor@example.net
879,da Paz,alice33@example.net
880,da Cruz,rgomes@example.org
881,Pereira Montenegro S/A,gabrielapacheco@example.net
882,Cavalcanti,emilly80@example.org
883,Marques - ME,julia08@example.org
884,Almeida,joao-miguel29@example.org
885,Novais,da-rochaisis@example.net
886,da Rosa,wvargas@example.com
887,Montenegro,brayan25@example.org
888,Vasconcelos,costelaalexia@example.com
889,da Rosa,hsales@example.com
890,Moraes Ltda.,csampaio@example.com
891,Dias - EI,ana-liviateixeira@example.net
892,Gomes,correiaagatha@example.net
893,Alves Ltda.,ribeirobenicio@example.org
894,Pastor da Costa - EI,ana-julialeao@example.com
895,Andrade,joao-miguelrocha@example.com
896,Rezende,ramosjuan@example.org
897,Vieira S.A.,hmacedo@example.com
898,Fonseca Ltda.,tda-mota@example.org
899,Fonseca,lavinia20@example.org
900,Fernandes Montenegro e Filhos,umendes@example.org
901,Castro S.A.,cavalcantemaria-cecilia@example.net
902,Jesus,aylla15@example.net
903,Cardoso S.A.,ngoncalves@example.com
904,Cunha,eduardodas-neves@example.com
905,Pires,jesusdavi-lucca@example.com
906,Nogueira S/A,maria-clara73@example.org
907,Cardoso Ltda.,aurora84@example.com
908,Casa Grande - ME,camarafernando@example.net
909,Rezende,carlos-eduardosouza@example.com
910,Pastor,ramosoliver@example.net
911,Viana,caioalmeida@example.com
912,Santos,rodriguescaio@example.net
913,Pimenta - EI,beatriz10@example.com
914,Costela,agathaporto@example.org
915,Freitas,oliveirahadassa@example.org
916,Cirino S.A.,melissa86@example.net
917,Borges,camposbenicio@example.net
918,Marques,duartevinicius@example.org
919,Cavalcanti da Paz - ME,nogueiratheo@example.net
920,Guerra,fmachado@example.net
921,Cirino e Filhos,viniciuscorreia@example.net
922,Aparecida Viana - EI,arthur-miguelfarias@example.net
923,Sousa Ramos Ltda.,antony29@example.org
924,Guerra,heloisa90@example.org
925,Nunes Vasconcelos S/A,luiza20@example.org
926,Gomes,sousaigor@example.net
927,da Costa,borgesbernardo@example.com
928,Andrade Ltda.,caue26@example.org
929,Alves,borgesdiego@example.net
930,Guerra,tcampos@example.net
931,Marques,aurora00@example.com
932,Silveira,vitor-gabriel18@example.org
933,Melo Pinto e Filhos,nicole71@example.net
934,das Neves,theonovaes@example.net
935,Moura - EI,benjamin17@example.org
936,Machado S.A.,mateusjesus@example.net
937,Duarte,theomachado@example.org
938,Almeida da Luz - ME,qmacedo@example.net
939,da Mata,bcardoso@example.net
940,Marques Fogaça Ltda.,alexandre56@example.net
941,Leão e Filhos,silvacaroline@example.com
942,da Mota Vasconcelos - ME,montenegroleticia@example.com
943,da Paz - EI,kevinda-luz@example.com
944,Moreira,alana51@example.org
945,Almeida,arthurvieira@example.net
946,Silveira Fernandes Ltda.,ana-julia33@example.org
947,Cunha,omoraes@example.net
948,Lima da Mata S/A,csousa@example.org
949,Vieira S/A,rda-cunha@example.net
950,Cardoso,nicoleda-paz@example.net
951,Barbosa,epimenta@example.org
952,Correia,julia13@example.org
953,da Paz e Filhos,mazevedo@example.com
954,da Rocha e Filhos,bda-conceicao@example.org
955,Fernandes Camargo e Filhos,levi83@example.net
956,Oliveira Duarte S.A.,ipimenta@example.com
957,Castro,teixeiravinicius@example.com
958,Martins,apollorodrigues@example.org
959,Marques,randrade@example.org
960,da Cruz Jesus Ltda.,luiz-gustavo51@example.net
961,Campos Silva e Filhos,camargoluisa@example.org
962,da Conceição da Mata e Filhos,ana-clara89@example.org
963,Ferreira,pintoana-julia@example.org
964,Santos S/A,casa-granderafaela@example.net
965,Viana Nunes - ME,calebe90@example.com
966,Cardoso,dandrade@example.org
967,Fogaça Vieira Ltda.,portojosue@example.com
968,Martins,davi-miguel96@example.com
969,Martins,daniela30@example.com
970,Machado,xmonteiro@example.net
971,Castro - ME,da-cunhaana-julia@example.com
972,Abreu Pastor - ME,helena08@example.com
973,Machado da Mata S.A.,enzo-gabriel56@example.org
974,Sampaio,siqueiramiguel@example.net
975,Fogaça,yan69@example.net
976,Campos e Filhos,laralima@example.com
977,Machado Casa Grande Ltda.,yasminpeixoto@example.com
978,da Costa,xalbuquerque@example.com
979,Mendes S.A.,danielbarros@example.com
980,Vasconcelos,qda-mota@example.com
981,Machado,dcostela@example.net
982,Camargo,da-rochaheloisa@example.org
983,da Rocha e Filhos,usouza@example.net
984,Novais - ME,isis49@example.net
985,Mendes - EI,vitor-gabriel95@example.com
986,Cavalcante,luiza12@example.com
987,Sousa,juansilva@example.org
988,Barbosa,montenegroleo@example.net
989,da Rosa,xcosta@example.org
990,da Rocha - EI,ccamara@example.com
991,Dias Gomes - EI,paulo06@example.org
992,da Cruz Teixeira e Filhos,ana-beatrizcunha@example.org
993,Ferreira,igorcunha@example.com
994,Marques,portolara@example.com
995,Siqueira,isabellymartins@example.com
996,Caldeira S.A.,cecilia40@example.org
997,Costa,renanandrade@example.org
998,Moura,monteiroisaac@example.org
999,Duarte,wda-luz@example.net
1000,Rocha da Mata - EI,benjaminda-paz@example.com
